message,otp_request,upfront_fee,guaranteed_approval,urgency_pressure,excessive_permissions,fake_rbi_claim,hidden_charges,suspicious_link,flag,risk_score,risk_category
Claim your loan approved by sending OTP immediately.,1,0,0,1,0,0,0,0,1,45,High Risk 🟠
"Fraudulent transaction detected, provide your OTP.",1,0,0,0,0,0,0,0,1,30,Medium Risk 🟡
"Your account has been suspended, verify OTP now!",1,0,0,1,0,0,0,0,1,45,High Risk 🟠
Your account balance is adequate.,0,0,0,0,0,0,0,0,0,0,Low Risk 🟢
Please ignore unknown SMS.,0,0,0,0,0,0,0,0,0,0,Low Risk 🟢
Click here to reset your banking password.,1,0,0,0,0,0,0,1,1,45,High Risk 🟠
Payment received successfully.,0,0,0,0,0,0,0,0,0,0,Low Risk 🟢
Send your OTP to claim your prize!,1,1,0,0,0,0,0,0,1,55,High Risk 🟠
Your debit card has been blocked.,0,0,0,0,0,0,0,0,1,0,Low Risk 🟢
"New offers available, accept today!",0,0,0,0,0,0,0,0,0,0,Low Risk 🟢
"Your account is at risk, immediate action required.",0,0,0,0,0,0,0,0,1,0,Low Risk 🟢
"Your mobile recharge was successful, thank you.",0,0,0,0,0,0,0,0,0,0,Low Risk 🟢
"Your loan application is approved, send OTP now!",1,0,0,1,0,0,0,0,1,45,High Risk 🟠
Do not share your bank details with anyone.,0,0,0,0,0,0,0,0,0,0,Low Risk 🟢
Account hacked! Open the app now to secure it.,0,0,0,1,0,0,0,0,1,15,Low Risk 🟢
"Your OTP code expires in 5 minutes, do not share",1,0,0,0,0,0,0,0,0,30,Medium Risk 🟡
"Loan approved, confirm by sending OTP code.",1,0,0,0,0,0,0,0,1,30,Medium Risk 🟡
Update your account details to avoid suspension.,0,0,0,0,0,0,0,0,1,0,Low Risk 🟢
Thank you for using our service.,0,0,0,0,0,0,0,0,0,0,Low Risk 🟢
"নতুন অফার এসেছে, আজই অ্যাকসেপ্ট করুন।",0,0,0,0,0,0,0,0,0,0,Low Risk 🟢
Claim your loan approved by sending OTP.,1,0,0,0,0,0,0,0,1,30,Medium Risk 🟡
"Fraudulent transaction detected, provide OTP.",1,0,0,0,0,0,0,0,1,30,Medium Risk 🟡
"জরুরি! আপনার ব্যাংক একাউন্ট বন্ধ হওয়ার ঝুঁকি, OTP: 3798",1,0,0,0,0,0,0,0,1,30,Medium Risk 🟡
আপনার একাউন্টে ৫০০ টাকা জমা হয়েছে।,0,0,0,0,0,0,0,0,0,0,Low Risk 🟢
"Your OTP is 8741, do not share it with anyone.",1,0,0,0,0,0,0,0,0,30,Medium Risk 🟡
"আপনার নাম্বারে লোন পেয়েছে, ফর্ম জমা দিন দ্রুত!",0,0,0,0,0,0,0,0,1,0,Low Risk 🟢
"Your account suspended, verify OTP now!",1,0,0,1,0,0,0,0,1,45,High Risk 🟠
সাবধান! আপনার একাউন্ট থেকে অস্বীকৃত টাকা উত্তোলন হয়েছে। জরুরি যাচাই করুন।,0,0,0,0,0,0,0,0,1,0,Low Risk 🟢
"আপনার OTP কোড 834729, কেউ যাতে জানতে না পারে সতর্ক থাকুন।",1,0,0,0,0,0,0,0,0,30,Medium Risk 🟡
"আপনার মোবাইল ব্যাংকিং একাউন্ট বন্ধ হতে যাচ্ছে, এখনি লগইন করুন।",0,0,0,0,0,0,0,0,1,0,Low Risk 🟢
"আপনার একাউন্ট চালু রয়েছে, সর্বশেষ ব্যালেন্স ১০,০০০ টাকা।",0,0,0,0,0,0,0,0,0,0,Low Risk 🟢
"ডেবিট কার্ড ব্যবহার সীমিত করতে OTP দিন, অন্যথায় একাউন্ট ব্লক হবে।",1,0,0,0,0,0,0,0,1,30,Medium Risk 🟡
আপনার অ্যাকাউন্ট ভেরিফিকেশন করতে নিচের লিঙ্কে ক্লিক করুন।,0,0,0,0,0,0,0,0,1,0,Low Risk 🟢
"ওয়ালেট রিচার্জ সফল হয়েছে, পরবর্তী লেনদেনের জন্য প্রস্তুত থাকুন।",0,0,0,0,0,0,0,0,1,0,Low Risk 🟢
নতুন অফার! আপনার একাউন্টে নগদ টাকা রিফান্ড করা হয়েছে,0,0,0,0,0,0,0,0,0,0,Low Risk 🟢
অবিলম্বে OTP দিন অন্যথায় অ্যাকাউন্ট থেকে টাকা উঠে যেতে পারে।,1,0,0,0,0,0,0,0,1,30,Medium Risk 🟡
"আপনার ট্রান্সপোর্ট ফি জমা হয়েছে, ধন্যবাদ।",0,0,0,0,0,0,0,0,0,0,Low Risk 🟢
ব্যাংকের তরফ থেকে জরুরি বার্তা: আপনার একাউন্ট আপডেট করুন আজই।,0,0,0,0,0,0,0,0,1,0,Low Risk 🟢
"আপনার মোবাইল ব্যাংকিং PIN পরিবর্তন করা হয়েছে, যদি না করেন তবে রিপোর্ট করুন।",1,0,0,0,0,0,0,0,0,30,Medium Risk 🟡
একাউন্ট সিকিউরিটি হুমকি! নিম্নলিখিত OTP দিয়ে যাচাই সম্পন্ন করুন।,1,0,0,0,0,0,0,0,1,30,Medium Risk 🟡
"আপনার লোন আবেদন প্রক্রিয়াধীন, সম্পূর্ণ করতে OTP দিন।",1,0,0,0,0,0,0,0,1,30,Medium Risk 🟡
আপনার ব্যালেন্স ৫০০০ টাকার নিচে এসে গেছে।,0,0,0,0,0,0,0,0,0,0,Low Risk 🟢
"আপনার ডেবিট কার্ডের নিরাপত্তা লঙ্ঘিত হয়েছে, অবিলম্বে যাচাই করতে OTP দিন।",1,0,0,0,0,0,0,0,1,30,Medium Risk 🟡
"আপনার ডেবিট কার্ড থেকে ৫০০০ টাকা কাটা হয়েছে, অবিলম্বে TRX কোড পাঠান।",0,0,0,0,0,0,0,0,1,0,Low Risk 🟢
Congratulations! You won a prize. Please send OTP to claim.,1,1,0,0,0,0,0,0,1,55,High Risk 🟠
আপনার মোবাইল অ্যাপ্লিকেশন আপডেট সফল হয়েছে।,0,0,0,0,0,0,0,0,0,0,Low Risk 🟢
"Your OTP is 789654, keep it confidential to secure your account.",1,0,0,0,0,0,0,0,0,30,Medium Risk 🟡
Claim your cashback by entering OTP received in next 5 minutes.,1,0,0,0,0,0,0,0,1,30,Medium Risk 🟡
নিরাপত্তার জন্য আপনার ফোন থেকে আমাদের কনফার্মেশন চান।,0,0,0,0,0,0,0,0,1,0,Low Risk 🟢
Important: Your account verification is pending. Please provide OTP.,1,0,0,0,0,0,0,0,1,30,Medium Risk 🟡
Your debit card transaction of 5000 taka was declined. Contact support.,0,0,0,0,0,0,0,0,1,0,Low Risk 🟢
Congratulations! Claim your reward by submitting OTP within 10 minutes.,1,0,0,1,0,0,0,0,1,45,High Risk 🟠
"Your recent login was from a new device. If not you, verify with OTP.",1,0,0,0,0,0,0,0,1,30,Medium Risk 🟡
Update your payment information immediately to avoid suspension.,0,0,0,1,0,0,0,0,1,15,Low Risk 🟢
Your mobile recharge of 20 taka is successful. Thank you for your payment.,0,0,0,0,0,0,0,0,0,0,Low Risk 🟢
Refund of 100 taka has been processed to your account.,0,0,0,0,0,0,0,0,0,0,Low Risk 🟢
"Warning: Suspicious activity detected, confirm via OTP now.",1,0,0,1,0,0,0,0,1,45,High Risk 🟠
Your loan application was approved. Verify details using OTP.,1,0,0,0,0,0,0,0,1,30,Medium Risk 🟡
Please ignore any unknown messages pretending to be your bank.,0,0,0,0,0,0,0,0,0,0,Low Risk 🟢
Your online banking password expired. Reset it via the provided link.,1,0,0,0,0,0,0,1,1,45,High Risk 🟠
Your account balance is low. Add funds to continue service.,0,0,0,0,0,0,0,0,0,0,Low Risk 🟢
"To secure your account, provide the OTP sent to your registered phone.",1,0,0,0,0,0,0,0,1,30,Medium Risk 🟡
Payment of 2500 taka received. Thanks for banking with us,0,0,0,0,0,0,0,0,0,0,Low Risk 🟢
Alert: Unauthorized transaction attempt detected. Change password now.,1,0,0,1,0,0,0,0,1,45,High Risk 🟠
Your credit card limit has been increased. Check details in app.,0,0,0,0,0,0,0,0,0,0,Low Risk 🟢
Verify your identity to avoid account suspension. OTP required.,1,0,0,0,0,0,0,0,1,30,Medium Risk 🟡
Your request to withdraw 5000 taka was successful.,0,0,0,0,0,0,0,0,0,0,Low Risk 🟢
Last chance: Provide OTP to claim your prize money now.,1,0,0,1,0,0,0,0,1,45,High Risk 🟠
Your scheduled payment will be processed tomorrow.,0,0,0,0,0,0,0,0,0,0,Low Risk 🟢
Alert! Unauthorized login attempt detected. Confirm with OTP immediately.,1,0,0,1,0,0,0,0,1,45,High Risk 🟠
"Your BDT 10,000 wallet transfer was successful. Thank you for using our service.",0,0,0,0,0,0,0,0,0,0,Low Risk 🟢
"Suspicious withdrawal of BDT 25,000 detected. Please verify with OTP now.",1,0,0,1,0,0,0,0,1,45,High Risk 🟠
"Your internet banking password expired, reset it today to avoid service disruption.",1,0,0,0,0,0,0,0,1,30,Medium Risk 🟡
BDT 100 recharge completed successfully.,0,0,0,0,0,0,0,0,0,0,Low Risk 🟢
"Congratulations! You won BDT 5,000 cashback. Submit OTP to receive.",1,0,0,0,0,0,0,0,1,30,Medium Risk 🟡
Verify your identity by entering the OTP sent to your mobile to continue transactions.,1,0,0,0,0,0,0,0,1,30,Medium Risk 🟡
Your debit card ending 1234 has been temporarily blocked for suspicious activity.,0,0,0,0,0,0,0,0,1,0,Low Risk 🟢
"BDT 35,000 loan approved. Confirm by sending OTP within 10 minutes.",1,0,0,1,0,0,0,0,1,45,High Risk 🟠
"Your account balance is BDT 8,200.",0,0,0,0,0,0,0,0,0,0,Low Risk 🟢
"Immediate action needed! Unrecognized device logged in, confirm with OTP now.",1,0,0,1,0,0,0,0,1,45,High Risk 🟠
"Reminder: Your scheduled BDT 12,000 bill payment will process tomorrow.",0,0,0,0,0,0,0,0,0,0,Low Risk 🟢
"Your BDT 2,000 refund has been processed successfully.",0,0,0,0,0,0,0,0,0,0,Low Risk 🟢
"OTP validation required to complete your BDT 20,000 transfer.",1,0,0,0,0,0,0,0,1,30,Medium Risk 🟡
Update your mobile number in banking records today for uninterrupted service.,0,0,0,0,0,0,0,0,1,0,Low Risk 🟢
"Your recent transaction of BDT 7,500 has been verified",0,0,0,0,0,0,0,0,0,0,Low Risk 🟢
Secure your account now! OTP sent to your registered contact.,1,0,0,1,0,0,0,0,1,45,High Risk 🟠
"BDT 15,000 payment received from your account.",0,0,0,0,0,0,0,0,0,0,Low Risk 🟢
Warning: Suspicious activity in your account. Verify using your OTP immediately.,1,0,0,1,0,0,0,0,1,45,High Risk 🟠
"Your loan payment of BDT 10,000 is overdue. Please pay immediately to avoid penalties.",0,0,0,1,0,0,0,0,1,15,Low Risk 🟢
Congratulations! You won a free investment plan. Call now to claim your prize.,0,0,0,1,0,0,0,0,1,15,Low Risk 🟢
New job opportunity with high salary. Send your CV to apply immediately.,0,0,0,1,0,0,0,0,1,15,Low Risk 🟢
"You have been selected for a government grant of BDT 50,000. Contact us now.",0,0,0,1,0,1,0,0,1,45,High Risk 🟠
Exclusive offer: Double your money in 30 days with our secret scheme.,0,0,0,0,0,0,0,0,1,0,Low Risk 🟢
"Your lottery ticket won BDT 1,00,000. Send your details for prize delivery.",0,0,0,0,0,0,0,0,1,0,Low Risk 🟢
Join our online trading platform for guaranteed profits.,0,0,1,0,0,0,0,0,1,15,Low Risk 🟢
Beware of strangers asking for your financial details over chat or SMS.,0,0,0,0,0,0,0,0,0,0,Low Risk 🟢
Your KYC verification is complete. Thank you for your cooperation.,0,0,0,0,0,0,0,0,0,0,Low Risk 🟢
"Earn BDT 2,000 daily working from home. Register now!",0,0,0,1,0,0,0,0,1,15,Low Risk 🟢
"Immediate payment required for customs clearance. Pay BDT 5,000 now.",0,0,0,1,0,0,0,0,1,15,Low Risk 🟢
Congratulations! You are shortlisted for a luxury car giveaway.,0,0,0,0,0,0,0,0,1,0,Low Risk 🟢
Investment opportunity with zero risk and high returns. Contact us.,0,0,0,0,0,0,0,0,1,0,Low Risk 🟢
Monthly subscription paid successfully.,0,0,0,0,0,0,0,0,0,0,Low Risk 🟢
Avoid fake schemes promising overnight wealth. Stay cautious.,0,0,0,0,0,0,0,0,0,0,Low Risk 🟢
Free smartphone giveaway for lucky winners. Reply to participate.,0,0,0,0,0,0,0,0,1,0,Low Risk 🟢
"Urgent: Pay BDT 10,000 to avoid legal action related to tax dues.",0,0,0,1,0,0,0,0,1,15,Low Risk 🟢
Your online order has been shipped successfully.,0,0,0,0,0,0,0,0,0,0,Low Risk 🟢
Your health insurance claim has been approved. Contact for details.,0,0,0,0,0,0,0,0,0,0,Low Risk 🟢
Secure your future with our pension plan. Enroll today!,0,0,0,0,0,0,0,0,1,0,Low Risk 🟢
"Reminder: Electricity bill payment of BDT 3,500 is due tomorrow.",0,0,0,0,0,0,0,0,0,0,Low Risk 🟢
বিশাল বিনিয়োগের সুযোগ! দ্রুত আজই ফোন করুন।,0,0,0,0,0,0,0,0,1,0,Low Risk 🟢
বিনামূল্যে ক্যাশব্যাক জন্য আজই বেছে নিন।,0,0,0,0,0,0,0,0,1,0,Low Risk 🟢
আধার কার্ড হারিয়ে গেলে কি করবেন? আজই যোগাযোগ করুন।,0,0,0,0,0,0,0,0,0,0,Low Risk 🟢
জাল ব্যবসায়িক সুযোগ! দ্রুত বিনিয়োগ করুন এবং বড় লাভ করুন।,0,0,0,0,0,0,0,0,1,0,Low Risk 🟢
আপনার লাইভ লটারি জেতা হয়েছে! এখনই প্রমাণ পাঠান।,0,0,0,0,0,0,0,0,1,0,Low Risk 🟢
মোবাইল ট্রেডিং প্ল্যাটফর্মে যোগ দিন। নিশ্চিত লাভের গ্যারান্টি।,0,0,0,0,0,0,0,0,1,0,Low Risk 🟢
অবৈধ আর্থিক লেনদেন এড়ানোর জন্য সতর্ক থাকুন।,0,0,0,0,0,0,0,0,0,0,Low Risk 🟢
আপনার বৈধতা নিশ্চিত করতে আমাদের নিকট যোগাযোগ করুন।,0,0,0,0,0,0,0,0,0,0,Low Risk 🟢
"বাসা ভাড়া, চাকরি এবং ব্যবসার জন্য দ্রুত ঋণ পেতে যোগাযোগ করুন।",0,0,0,0,0,0,0,0,1,0,Low Risk 🟢
দ্রুত বিনিয়োগ করুন এবং মাসে কোটি টাকা উপার্জন করুন।,0,0,0,0,0,0,0,0,1,0,Low Risk 🟢
নির্ভরযোগ্য ব্যাংক অ্যাকাউন্ট থেকে টাকা সরাসরি পাঠান।,0,0,0,0,0,0,0,0,1,0,Low Risk 🟢
আপনার একটি চূড়ান্ত সুযোগ! আজই অংশ নিন এবং বড় লাভ করুন।,0,0,0,0,0,0,0,0,1,0,Low Risk 🟢
বিনামূল্যে ব্যাংক সাবসক্রিপশন পেতে আজই যোগাযোগ করুন।,0,0,0,0,0,0,0,0,0,0,Low Risk 🟢
বনধের পরিসীমা থেকে প্রাইভেট জেনারেশন শুরু হয়েছে। বিনিয়োগ করুন।,0,0,0,0,0,0,0,0,1,0,Low Risk 🟢
হারানো পণ্য পুনরুদ্ধার করতে আমাদের সাথে যোগাযোগ করুন।,0,0,0,0,0,0,0,0,0,0,Low Risk 🟢
দ্রুত উপার্জনের জন্য আজই যোগ দিন। প্রতিদিন BDT 2000 থেকে BDT 5000 পর্যন্ত উপার্জন।,0,0,0,0,0,0,0,0,1,0,Low Risk 🟢
আপনার পেমেন্ট পরবর্তী সপ্তাহে কাটা হবে না! দ্রুত কার্যক্রম নিন।,0,0,0,0,0,0,0,0,0,0,Low Risk 🟢
আপনার প্রিয়জনের জন্য গোপন নোটিশ: সাধারণ ফিচার ডাউনলোড করুন।,0,0,0,0,0,0,0,0,0,0,Low Risk 🟢
বিনিয়োগের জন্য দুর্দান্ত সুযোগ! ব্যাঙ্কের পার্টনারশিপে বড় লাভ।,0,0,0,0,0,0,0,0,1,0,Low Risk 🟢
পেমেন্টের জন্য ধন্যবাদ। আপনার ট্রানজেকশন সফল হয়েছে।,0,0,0,0,0,0,0,0,0,0,Low Risk 🟢
"আপনার একাউন্ট থেকে অজানা লেনদেন হয়েছে, দ্রুত যাচাই করুন।",0,0,0,0,0,0,0,0,1,0,Low Risk 🟢
"আপনার মোবাইল রিচার্জ সফল হয়েছে, ধন্যবাদ।",0,0,0,0,0,0,0,0,0,0,Low Risk 🟢
জরুরি! OTP দিয়ে একাউন্ট যাচাই করুন না হলে ব্লক হবে।,1,0,0,0,0,0,0,0,1,30,Medium Risk 🟡
"আজকের বিশেষ অফার থেকে সুযোগ নিন, আজই কল করুন।",0,0,0,0,0,0,0,0,1,0,Low Risk 🟢
"আপনার লোন আবেদন সফল হয়েছে, ফর্ম পূরণের জন্য OTP প্রদান করুন।",1,0,0,0,0,0,0,0,1,30,Medium Risk 🟡
আপনার অ্যাকাউন্টে নতুন অ্যাক্টিভিটি শনাক্ত করা হয়েছে।,0,0,0,0,0,0,0,0,1,0,Low Risk 🟢
"নম্বর থেকে টাকা সফলভাবে উত্তোলন হয়েছে, ধন্যবাদ।",0,0,0,0,0,0,0,0,0,0,Low Risk 🟢
আপনার একাউন্টের বিস্তারিত তথ্য যাচাই করতে লিঙ্কে ক্লিক করুন।,0,0,0,0,0,0,0,0,1,0,Low Risk 🟢
অনলাইন কেনাকাটায় ক্যাশব্যাক পেতে OTP পাঠান।,1,0,0,0,0,0,0,0,1,30,Medium Risk 🟡
"নতুন সিম কার্ড চালু হয়েছে, ধন্যবাদ ব্যবহারের জন্য।",0,0,0,0,0,0,0,0,0,0,Low Risk 🟢
আপনার জয়েন্ট অ্যাকাউন্টে সন্দেহজনক লেনদেন হয়েছে।,0,0,0,0,0,0,0,0,1,0,Low Risk 🟢
সতর্কতা: অজানা নম্বর থেকে কল আসলে অবহেলা করুন।,0,0,0,0,0,0,0,0,0,0,Low Risk 🟢
"আজকের ডেলিভারি সফল হয়েছে, পণ্য গ্রহণের জন্য ধন্যবাদ।",0,0,0,0,0,0,0,0,0,0,Low Risk 🟢
আপনার ওটিপি কোড দিন অন্যথায় একাউন্ট বন্ধ হবে।,0,0,0,0,0,0,0,0,1,0,Low Risk 🟢
Your package has been shipped. Track your delivery at this link.,0,0,0,0,0,0,0,1,0,15,Low Risk 🟢
Congratulations! You've won a free gift card. Click now to claim.,0,0,0,1,0,0,0,0,1,15,Low Risk 🟢
Our records show suspicious activity in your account. Contact support.,0,0,0,0,0,0,0,0,1,0,Low Risk 🟢
Your subscription is about to expire. Renew now for uninterrupted service.,0,0,0,1,0,0,0,0,1,15,Low Risk 🟢
You have an overdue bill of BDT 3000. Pay immediately to avoid disconnect.,0,0,0,1,0,0,0,0,1,15,Low Risk 🟢
Limited-time offer! Double your money in 7 days. Invest now.,0,0,0,1,0,0,0,0,1,15,Low Risk 🟢
Loan approved! Send your details to receive funds today.,0,0,0,0,0,0,0,0,1,0,Low Risk 🟢
Your online order is ready. View details here.,0,0,0,0,0,0,0,0,0,0,Low Risk 🟢
Fake invoice attached. Please review and click the link to pay.,0,0,0,0,0,0,0,1,1,15,Low Risk 🟢
Your car insurance claim has been approved. Contact us to finalize.,0,0,0,0,0,0,0,0,1,0,Low Risk 🟢
It’s your last chance to claim your cashback. Act now!,0,0,0,1,0,0,0,0,1,15,Low Risk 🟢
"You have been selected for a surveys. Complete now and win BDT 10,000.",0,0,0,1,0,0,0,0,1,15,Low Risk 🟢
Attention! Your mobile data plan will expire tomorrow. Renew now.,0,0,0,1,0,0,0,0,1,15,Low Risk 🟢
Fake urgent message: You owe BDT 500 for missed payment. Pay now.,0,0,0,1,0,0,0,0,1,15,Low Risk 🟢
Your bank account is locked. Verify now to regain access.,0,0,0,1,1,0,0,0,1,35,Medium Risk 🟡
Limited-time deal: Buy now and get 50% discount on all products.,0,0,0,1,0,0,0,0,1,15,Low Risk 🟢
Mystery shopping opportunity! Earn BDT 2000 daily. Sign up now.,0,0,0,1,0,0,0,0,1,15,Low Risk 🟢
Your recent transaction of BDT 4200 was successfully processed.,0,0,0,0,0,0,0,0,0,0,Low Risk 🟢
Warning! Suspicious activity detected. Change your credentials now.,0,0,0,1,0,0,0,0,1,15,Low Risk 🟢
Your gaming account has been hacked. Change your password immediately.,1,0,0,1,0,0,0,0,1,45,High Risk 🟠
"অবিলম্বে আপনার একাউন্ট যাচাই করুন, না হলে এটি বন্ধ হয়ে যাবে।",0,0,0,0,0,0,0,0,1,0,Low Risk 🟢
"আজকের বিশেষ ছাড়ে অংশ নিন, আজই যোগাযোগ করুন।",0,0,0,0,0,0,0,0,1,0,Low Risk 🟢
"আপনার লোন আবেদন সফল, দ্রুত OTP দিন যাচাইয়ের জন্য।",1,0,0,0,0,0,0,0,1,30,Medium Risk 🟡
"আপনার ডেবিট কার্ডের সীমা শেষ হতে যাচ্ছে, আরও তথ্যের জন্য কল করুন।",0,0,0,0,0,0,0,0,1,0,Low Risk 🟢
মোবাইল বিল বাবদ ৫০০ টাকা সফলভাবে পরিশোধ হয়েছে।,0,0,0,0,0,0,0,0,0,0,Low Risk 🟢
"Hello from BLOrange club. For 1 month's free access to games, news and sport, plus 10 free texts and 20 photo messages, reply YES. Terms apply: www.blorange.club.bd",0,0,0,0,0,0,0,1,1,15,Low Risk 🟢
Call FREEPHONE +8800 542 0578 now!,0,0,0,1,0,0,0,0,1,15,Low Risk 🟢
"7 wonders in My WORLD 7th You 6th Ur style 5th Ur smile 4th Ur Personality 3rd Ur Nature 2nd Ur SMS and 1st \Ur Lovely Friendship\""... good morning dear""",0,0,0,0,0,0,0,0,0,0,Low Risk 🟢
"Loan for any purpose 500 tk- 75,000tk. Homeowners + Tenants welcome. Have you been previously refused? We can still help. Call Free +880 1956669 or text back 'help'",0,0,0,0,0,0,0,0,1,0,Low Risk 🟢
Sorry i'm not free...,0,0,0,0,0,0,0,0,0,0,Low Risk 🟢
How. Its a little difficult but its a simple way to enter this place,0,0,0,0,0,0,0,0,0,0,Low Risk 🟢
BIG BROTHER ALERT! The computer has selected u for 10k cash or #150 voucher. Call +8801906401883. NTT PO Box CRO1327 18+ BT Landline Cost 150ppm mobiles vary,0,0,0,0,0,0,0,0,1,0,Low Risk 🟢
Your package delivery is delayed. Track now at this fake link.,0,0,0,1,0,0,0,1,1,30,Medium Risk 🟡
"Get rich quick! Invest BDT 10,000 today and double your money fast.",0,0,0,0,0,0,0,0,1,0,Low Risk 🟢
Your job application was successful! Reply to claim your position,0,0,0,0,0,0,0,0,1,0,Low Risk 🟢
Verify your phone number now to avoid service interruption.,0,0,0,1,0,0,0,0,1,15,Low Risk 🟢
Free $1000 gift card! Click here to redeem before it expires.,0,0,0,0,0,0,0,1,1,15,Low Risk 🟢
Your recent online purchase has been shipped successfully.,0,0,0,0,0,0,0,0,0,0,Low Risk 🟢
Alert: Classified documents found linked to your account. Contact now!,0,0,0,1,0,0,0,0,1,15,Low Risk 🟢
Your electricity bill of BDT 3000 is overdue. Pay now to avoid cut-off.,0,0,0,1,0,0,0,0,1,15,Low Risk 🟢
Congratulations! You’ve won a holiday trip. Reply to claim.,0,0,0,0,0,0,0,0,1,0,Low Risk 🟢
Payment of BDT 5000 received. Thank you for your timely payment.,0,0,0,0,0,0,0,0,0,0,Low Risk 🟢
Urgent notice! Verify your social security number immediately.,0,0,0,1,0,1,0,0,1,45,High Risk 🟠
Your bank loan has been approved. Send documents to finalize.,0,0,0,0,0,0,0,0,1,0,Low Risk 🟢
Your subscription payment failed. Update billing info to continue.,0,0,0,0,0,0,0,0,1,0,Low Risk 🟢
Your ticket to the concert is confirmed. Thank you for your purchase.,0,0,0,0,0,0,0,0,0,0,Low Risk 🟢
You've been selected for a secret shopper job. Earn BDT 2000 daily.,0,0,0,0,0,0,0,0,1,0,Low Risk 🟢
"Important: Claim your tax refund of BDT 8,000 today via this link",0,0,0,0,0,1,0,1,1,45,High Risk 🟠
Your online account will be suspended soon. Verify credentials now.,0,0,0,1,0,0,0,0,1,15,Low Risk 🟢
Your medical insurance claim has been processed successfully.,0,0,0,0,0,0,0,0,0,0,Low Risk 🟢
New investment opportunity: Guaranteed 30% monthly returns.,0,0,1,0,0,0,0,0,1,15,Low Risk 🟢
Your parcel has been dispatched. Track with tracking number XYZ123.,0,0,0,0,0,0,0,0,0,0,Low Risk 🟢
"Claim your free BDT 5,000 reward now by clicking this link before it expires!",0,0,0,1,0,0,0,1,1,30,Medium Risk 🟡
You have unclaimed cashback waiting. Submit your details to claim it immediately.,0,0,0,1,0,0,0,0,1,15,Low Risk 🟢
"Final notice: Claim your government grant of BDT 10,000 within 24 hours",0,0,0,1,0,1,0,0,1,45,High Risk 🟠
Congratulations! Claim your exclusive shopping voucher by replying with YES.,0,0,0,0,0,0,0,0,1,0,Low Risk 🟢
"You are eligible to claim a BDT 3,000 bonus from your telecom operator.",0,0,0,0,0,0,0,0,1,0,Low Risk 🟢
Claim your prize by verifying your phone number within 2 hours.,0,0,0,1,0,0,0,0,1,15,Low Risk 🟢
Claim your loan disbursed amount now by confirming your bank details.,0,0,0,1,0,0,0,0,1,15,Low Risk 🟢
Urgent: Claim compensation for delayed delivery by visiting this link.,0,0,0,1,0,0,0,1,1,30,Medium Risk 🟡
Claim your free ticket for the concert happening near you this weekend.,0,0,0,0,0,0,0,0,1,0,Low Risk 🟢
"Claim your BDT 7,500 insurance payout by contacting us immediately.",0,0,0,1,0,0,0,0,1,15,Low Risk 🟢
Claim your cashback by logging into your account with this link.,0,0,0,0,0,0,0,1,1,15,Low Risk 🟢
"You have been selected to claim a new government subsidy, respond with your ID",0,0,0,0,0,0,0,0,1,0,Low Risk 🟢
Claim your refund for the recent transaction now before the offer expires.,0,0,0,1,0,0,0,0,1,15,Low Risk 🟢
Claim your mystery gift by sending a reply with your full name and address.,0,0,0,0,0,0,0,0,1,0,Low Risk 🟢
Claim your free mobile upgrade by confirming your account info via SMS.,0,0,0,0,0,0,0,0,1,0,Low Risk 🟢
You have a new message from the lottery office. Claim your winnings ASAP.,0,0,0,1,0,0,0,0,1,15,Low Risk 🟢
Claim your prize money by paying a small processing fee at the link below,0,1,0,0,0,0,1,1,1,50,High Risk 🟠
"Claim your BDT 15,000 bonus credits from our new app by signing up now.",0,0,0,1,0,0,0,0,1,15,Low Risk 🟢
Claim your tax refund by uploading your financial documents immediately.,0,0,0,1,0,1,0,0,1,45,High Risk 🟠
Claim your exclusive membership rewards by clicking here. Limited time offer!,0,0,0,0,0,0,0,0,1,0,Low Risk 🟢
Your BDT 2000 payment has been received. Thank you for using our service.,0,0,0,0,0,0,0,0,0,0,Low Risk 🟢
Urgent: Verify your identity to avoid account closure. Click this link now.,0,0,0,1,0,0,0,1,1,30,Medium Risk 🟡
Congratulations! You have been selected for a free smartwatch. Reply YES.,0,0,0,0,0,0,0,0,1,0,Low Risk 🟢
Your electricity bill of BDT 1500 is due tomorrow. Please pay on time.,0,0,0,0,0,0,0,0,0,0,Low Risk 🟢
Immediate action required! Suspicious login detected. Confirm your password.,1,0,0,0,0,0,0,0,1,30,Medium Risk 🟡
Your mobile recharge of BDT 500 was successful.,0,0,0,0,0,0,0,0,0,0,Low Risk 🟢
"Last chance to claim your cashback offer worth BDT 10,000!",0,0,0,0,0,0,0,0,1,0,Low Risk 🟢
Package delivered! Track it anytime using tracking number #12345.,0,0,0,0,0,0,0,0,0,0,Low Risk 🟢
You won an exclusive holiday package. Contact us immediately to claim.,0,0,0,1,0,0,0,0,1,15,Low Risk 🟢
Your online subscription has been renewed successfully,0,0,0,0,0,0,0,0,0,0,Low Risk 🟢
Warning! Your account has been suspended due to suspicious activity.,0,0,0,0,0,0,0,0,1,0,Low Risk 🟢
Enjoy 20% discount on your next purchase. Use code SAVE20.,0,0,0,0,0,0,0,0,0,0,Low Risk 🟢
Your loan application was approved. Submit documents to receive payment.,0,0,0,0,0,0,0,0,1,0,Low Risk 🟢
Thank you for your recent payment of BDT 3000.,0,0,0,0,0,0,0,0,0,0,Low Risk 🟢
Alert! Unrecognized device logged in to your account. Verify immediately.,0,0,0,1,0,0,0,0,1,15,Low Risk 🟢
Your food delivery has arrived. Please collect it.,0,0,0,0,0,0,0,0,0,0,Low Risk 🟢
Claim your prize money worth BDT 5000 by sending your bank details now.,0,0,0,1,0,0,0,0,1,15,Low Risk 🟢
Your appointment with Dr. Rahman has been confirmed for tomorrow.,0,0,0,0,0,0,0,0,0,0,Low Risk 🟢
"You are selected for government subsidy. Verify details to claim BDT 15,000.",0,0,0,0,0,0,0,0,1,0,Low Risk 🟢
Your electricity bill payment of BDT 2600 was successful.,0,0,0,0,0,0,0,0,0,0,Low Risk 🟢
Your BDT 3000 utility bill has been paid successfully.,0,0,0,0,0,0,0,0,0,0,Low Risk 🟢
Urgent! Confirm your credit card details to avoid suspension.,0,0,0,1,0,0,0,0,1,15,Low Risk 🟢
Congratulations! You won a free trip. Reply YES to claim your prize.,0,0,0,0,0,0,0,0,1,0,Low Risk 🟢
Your mobile data has been recharged with 2GB. Enjoy surfing.,0,0,0,0,0,0,0,0,0,0,Low Risk 🟢
Warning: Suspicious transaction detected. Verify your identity immediately.,0,0,0,1,0,0,0,0,1,15,Low Risk 🟢
Your food order from FoodieApp is delivered. Enjoy your meal!,0,0,0,0,0,0,0,0,0,0,Low Risk 🟢
Limited-time offer! Double your investment in 15 days. Call now.,0,0,0,1,0,0,0,0,1,15,Low Risk 🟢
You have successfully booked a taxi for 9 AM tomorrow.,0,0,0,0,0,0,0,0,0,0,Low Risk 🟢
"Final notice! Claim your BDT 10,000 insurance payout today.",0,0,0,0,0,0,0,0,1,0,Low Risk 🟢
Your monthly gym subscription has been renewed. Thank you.,0,0,0,0,0,0,0,0,0,0,Low Risk 🟢
You have unpaid fines totaling BDT 1200. Pay now to avoid penalties.,0,0,0,1,0,0,0,0,1,15,Low Risk 🟢
Event reminder: Music concert tonight at 7 PM at City Arena.,0,0,0,0,0,0,0,0,0,0,Low Risk 🟢
Your debit card has been temporarily blocked for security reasons.,0,0,0,0,0,0,0,0,1,0,Low Risk 🟢
Your parcel #XZ1234 is ready for pickup at the post office.,0,0,0,0,0,0,0,0,0,0,Low Risk 🟢
Urgent: Your loan approval is pending. Submit documents to proceed.,0,0,0,1,0,0,0,0,1,15,Low Risk 🟢
Your cab driver will arrive in 5 minutes. Please be ready,0,0,0,0,0,0,0,0,0,0,Low Risk 🟢
"Get rich quick! Invest BDT 20,000 in crypto mining and earn huge profits.",0,0,0,0,0,0,0,0,1,0,Low Risk 🟢
Thank you for registering for the webinar. We will email the link soon.,0,0,0,0,0,0,0,1,0,15,Low Risk 🟢
Your electricity meter reading is due. Please pay your bill of BDT 2500.,0,0,0,0,0,0,0,0,0,0,Low Risk 🟢
Last chance: Claim your cashback by verifying your account details now.,0,0,0,1,0,0,0,0,1,15,Low Risk 🟢
Your BDT 4000 electricity bill has been paid. Thank you for your payment.,0,0,0,0,0,0,0,0,1,0,Low Risk 🟢
Alert: Suspicious account activity detected. Verify your info immediately.,0,0,0,1,0,0,0,0,0,15,Low Risk 🟢
Congratulations! You are selected for a free smartphone giveaway. Reply YES.,0,0,0,0,0,0,0,0,1,0,Low Risk 🟢
Your monthly mobile recharge of BDT 600 was successful.,0,0,0,0,0,0,0,0,0,0,Low Risk 🟢
Urgent! Your login was from an unknown device. Confirm your identity now.,0,0,0,1,0,0,0,0,1,15,Low Risk 🟢
Your food delivery order has arrived. Enjoy your meal!,0,0,0,0,0,0,0,0,0,0,Low Risk 🟢
Double your money with our new investment plan. Call us today,0,0,0,0,0,0,0,0,1,0,Low Risk 🟢
Urgent! Verify your bank details to prevent account suspension.,0,0,0,1,0,0,0,0,1,15,Low Risk 🟢
"Claim your prize worth BDT 10,000 by replying",0,0,0,0,0,0,0,0,1,0,Low Risk 🟢
Your recent payment of BDT 1500 was successful,0,0,0,0,0,0,0,0,0,0,Low Risk 🟢
Your parcel #AB123 is out for delivery.,0,0,0,0,0,0,0,0,0,0,Low Risk 🟢
Your electricity bill of BDT 800 is due tomorrow.,0,0,0,0,0,0,0,0,0,0,Low Risk 🟢
"Immediate notice: Unauthorized transaction detected, act now!",0,0,0,1,0,0,0,0,1,15,Low Risk 🟢
You have won a free luxury watch. Reply to claim now.,0,0,0,1,0,0,0,0,1,15,Low Risk 🟢
Your mobile recharge of BDT 300 was successful.,0,0,0,0,0,0,0,0,0,0,Low Risk 🟢
Reminder: Doctor’s appointment tomorrow at 10 AM,0,0,0,0,0,0,0,0,0,0,Low Risk 🟢
Thank you for your recent bank deposit of BDT 5000.,0,0,0,0,0,0,0,0,0,0,Low Risk 🟢
"Claim your government grant of BDT 12,000 now.",0,0,0,1,0,1,0,0,1,45,High Risk 🟠
"Alert! Suspicious login attempt detected, verify your account.",0,0,0,0,0,0,0,0,1,0,Low Risk 🟢
Your cab driver will arrive in 10 minutes.,0,0,0,0,0,0,0,0,0,0,Low Risk 🟢
Your online subscription has been renewed. Thank you!,0,0,0,0,0,0,0,0,0,0,Low Risk 🟢
You have a new message from the lottery office. Claim winnings.,0,0,0,0,0,0,0,0,0,0,Low Risk 🟢
Your credit card has been temporarily blocked. Confirm details.,0,0,0,0,0,0,0,0,1,0,Low Risk 🟢
Congratulations! You are selected for exclusive cashback offer.,0,0,0,0,0,0,0,0,1,0,Low Risk 🟢
Your electricity payment of BDT 2200 was successful.,0,0,0,0,0,0,0,0,0,0,Low Risk 🟢
Your order #5678 has been processed and shipped.,0,0,0,0,0,0,0,0,0,0,Low Risk 🟢
Payment reminder: Your internet bill of BDT 1200 is due.,0,0,0,0,0,0,0,0,0,0,Low Risk 🟢
Alert: Suspicious debit card transaction of BDT 5000 detected. Verify immediately.,0,0,0,1,0,0,0,0,1,15,Low Risk 🟢
You won a free vacation to the Bahamas! Reply YES to claim your prize.,0,0,0,0,0,0,0,0,1,0,Low Risk 🟢
Your electricity bill payment of BDT 3200 was successful.,0,0,0,0,0,0,0,0,0,0,Low Risk 🟢
Your package #ZX12345 is out for delivery. Track it using our app.,0,0,0,0,0,0,0,0,0,0,Low Risk 🟢
Reminder: Doctor appointment scheduled for tomorrow at 9:30 AM.,0,0,0,0,0,0,0,0,0,0,Low Risk 🟢
Urgent: Your bank account has been locked due to suspicious activity. Verify now.,0,0,0,1,1,0,0,0,1,35,Medium Risk 🟡
"Claim your cash reward of BDT 10,000 now. Send your bank details to proceed.",0,0,0,1,0,0,0,0,1,15,Low Risk 🟢
Your Uber ride has been confirmed for 3 PM today.,0,0,0,0,0,0,0,0,0,0,Low Risk 🟢
Last chance to update your payment info or your subscription will be suspended.,0,0,0,0,0,0,0,0,1,0,Low Risk 🟢
Congratulations! You have been pre-approved for a loan. Apply now to get instant approval.,0,0,1,1,0,0,0,0,1,30,Medium Risk 🟡
Your recent grocery order #78345 has been delivered. Enjoy your purchase!,0,0,0,0,0,0,0,0,0,0,Low Risk 🟢
Your Netflix subscription has been renewed. Thank you for staying with us.,0,0,0,0,0,0,0,0,0,0,Low Risk 🟢
Alert: Unrecognized login attempt detected on your email. Secure your account now.,0,0,0,1,0,0,0,0,1,15,Low Risk 🟢
"You've received BDT 1,000 cashback from your last purchase",0,0,0,0,0,0,0,0,0,0,Low Risk 🟢
Please verify your social security number to claim your government grant.,0,0,0,0,0,1,0,0,1,30,Medium Risk 🟡
Your cab driver is on the way and will arrive in 5 minutes.,0,0,0,0,0,0,0,0,0,0,Low Risk 🟢
Verify your Apple ID to prevent permanent lockout. Ignore if you did not request.,0,0,0,0,0,0,0,0,1,0,Low Risk 🟢
Thank you for your donation of BDT 500. Your generosity is appreciated.,0,0,0,0,0,0,0,0,0,0,Low Risk 🟢
Let's meet at the cafe around 8 PM?,0,0,0,0,0,0,0,0,0,0,Low Risk 🟢
Claim your cashback reward #10 now! Limited time offer.,0,0,0,1,0,0,0,0,1,15,Low Risk 🟢
আপনার বিকাশে 350 টাকা জিতেছেন! তথ্য নিশ্চিত করতে এখনই লিঙ্কে যান।,0,0,0,0,0,0,0,0,1,0,Low Risk 🟢
Congratulations! You won a free iPhone. Claim now at secure-link.com,0,0,0,1,0,0,0,1,1,30,Medium Risk 🟡
Don't forget to bring the documents for tomorrow's meeting,0,0,0,0,0,0,0,0,0,0,Low Risk 🟢
Limited offer! Get 50% cashback on your next payment. Click here,0,0,0,0,0,0,0,1,1,15,Low Risk 🟢
আপনার নাম্বারটি নির্বাচিত হয়েছে লটারি জেতার জন্য। লিঙ্কে যাচাই করুন।,0,0,0,0,0,0,0,0,1,0,Low Risk 🟢
Can you send me your notes for today's class?,0,0,0,0,0,0,0,0,0,0,Low Risk 🟢
Win ₹5000 instantly! Verify your account at rewardsite.com,0,0,0,0,0,0,0,0,1,0,Low Risk 🟢
Alert: Unusual withdrawal of BDT 4500 from your account. Verify now to avoid loss.,0,0,0,1,1,0,0,0,1,35,Medium Risk 🟡
"Congratulations! You have won a BDT 20,000 shopping voucher. Reply to claim your prize.",0,0,0,0,0,0,0,0,1,0,Low Risk 🟢
Your water bill of BDT 1200 has been paid successfully.,0,0,0,0,0,0,0,0,0,0,Low Risk 🟢
Your parcel #YZ6789 will be delivered today. Track live through our app,0,0,0,0,0,0,0,0,0,0,Low Risk 🟢
Reminder: Your flight booking to Dhaka is scheduled for tomorrow at 6 AM.,0,0,0,0,0,0,0,0,0,0,Low Risk 🟢
Important: Your bank account is locked due to suspicious activity. Verify your identity now.,0,0,0,1,0,0,0,0,1,15,Low Risk 🟢
"Claim instant loan approval up to BDT 50,000. Send your documents to proceed.",0,0,1,0,0,0,0,0,1,15,Low Risk 🟢
Your mobile recharge of BDT 350 was processed successfully.,0,0,0,0,0,0,0,0,0,0,Low Risk 🟢
Your hotel booking confirmation #12345 for 3 nights in London.,0,0,0,0,0,0,0,0,0,0,Low Risk 🟢
Payment of BDT 3800 received. Thank you for your payment to ABC Store,0,0,0,0,0,0,0,0,0,0,Low Risk 🟢
Final notice: Update your billing info or your mobile service will be suspended.,0,0,0,0,0,0,0,0,1,0,Low Risk 🟢
Congratulations! You’re pre-qualified for a credit card with a $5000 limit. Apply now.,0,0,0,1,0,0,0,0,1,15,Low Risk 🟢
Your online shopping order #78654 is confirmed and will be delivered soon.,0,0,0,0,0,0,0,0,0,0,Low Risk 🟢
Your subscription to Sports Daily renewed successfully. Enjoy your exclusive content!,0,0,0,0,0,0,0,0,0,0,Low Risk 🟢
Alert: Suspicious login attempt on your email account. Secure it immediately.,0,0,0,1,0,0,0,0,1,15,Low Risk 🟢
You’ve earned BDT 1500 cashback on your last grocery purchase.,0,0,0,0,0,0,0,0,0,0,Low Risk 🟢
"Claim your government relief fund of BDT 30,000. Submit your documents today.",0,0,0,0,0,0,0,0,1,0,Low Risk 🟢
"Your taxi will arrive in 7 minutes. Driver: Saiful, Car: Blue Toyota.",0,0,0,0,0,0,0,0,0,0,Low Risk 🟢
Your Apple ID has been temporarily disabled. Verify now to avoid permanent lockout,0,0,0,1,1,0,0,0,1,35,Medium Risk 🟡
Thank you for your charitable donation of BDT 1000. Your kindness is appreciated.,0,0,0,0,0,0,0,0,0,0,Low Risk 🟢
Urgent payment required: Your credit card bill of BDT 7000 is overdue. Pay now to avoid fees,0,0,0,1,0,0,0,0,1,15,Low Risk 🟢
"অভিনন্দন! আপনি ২০,০০০ টাকার ভাউচার জিতেছেন। আপনার পুরস্কার পেতে “YES” রিপ্লাই করুন।",0,0,0,0,0,0,0,0,1,0,Low Risk 🟢
আপনার বিদ্যুতের বিল ৩১৫০ টাকা সফলভাবে পরিশোধ হয়েছে। ধন্যবাদ।,0,0,0,0,0,0,0,0,0,0,Low Risk 🟢
আপনার প্যাকেজ #এসটি১২৩৪৪ আজ ডেলিভারি হবে। ট্র্যাক করতে আমাদের অ্যাপ ব্যবহার করুন।,0,0,0,0,0,0,0,0,0,0,Low Risk 🟢
"Your bank transfer of BDT 10,000 has been successfully processed",0,0,0,0,0,0,0,0,0,0,Low Risk 🟢
You’ve won a free entry to the VIP concert! Reply YES to claim your tickets.,0,0,0,0,0,0,0,0,1,0,Low Risk 🟢
Your parcel #A7821 was successfully delivered. Thank you for shopping with us.,0,0,0,0,0,0,0,0,0,0,Low Risk 🟢
Warning: Multiple failed login attempts on your social media account. Check activity now.,0,0,0,1,0,0,0,0,1,15,Low Risk 🟢
"Your insurance claim was approved. BDT 15,000 will be credited to your account shortly.",0,0,0,0,0,0,0,0,0,0,Low Risk 🟢
"Last chance to claim your cashback offer worth BDT 5,000. Verify now.",0,0,0,1,1,0,0,0,1,35,Medium Risk 🟡
Your flight to Chittagong is on schedule for 10 AM tomorrow. Have a safe trip!,0,0,0,0,0,0,0,0,0,0,Low Risk 🟢
Confirm your bank details now to avoid loan application cancellation.,0,0,0,1,0,0,0,0,1,15,Low Risk 🟢
Your electricity bill for this month is BDT 2900. Please pay by the due date.,0,0,0,0,0,0,0,0,0,0,Low Risk 🟢
Congratulations! You have been selected to get an exclusive reward! Your name came up for a YETI War Survival Kit. This special gift is from Tractor Supply. Hurry up! Your Reward is Ready,0,0,0,0,0,0,0,0,1,0,Low Risk 🟢
Enjoy Annual Fee Waiver on Your Medical Quota Debit Card for Safe and Convenient Payment Abroad!,0,0,0,0,0,0,0,0,1,0,Low Risk 🟢
Your cloud storage is full. Please take action to free up space. Cloud Storage – Storage Limit Reached Your storage reached 100%,0,0,0,0,0,0,0,0,1,0,Low Risk 🟢
ANSWER FOR FREE!You have been chosen to participate in our Loyalty Program for FREE! It will take you only a minute to receive this fantastic prize.,0,0,0,0,0,0,0,0,1,0,Low Risk 🟢
Get a free Amazon voucher by completing this survey now.,0,0,0,1,0,0,0,0,1,15,Low Risk 🟢
Congratulations! Your subscription is upgraded. Click to confirm,0,0,0,0,0,0,0,0,1,0,Low Risk 🟢
Alert: Suspicious activity detected in your PayPal account. Verify now,0,0,0,1,1,0,0,0,1,35,Medium Risk 🟡
bKash: You received 2000 BDT. Click here to confirm your account,0,0,0,0,0,0,0,1,1,15,Low Risk 🟢
Do you want to join the study group this evening?,0,0,0,0,0,0,0,0,0,0,Low Risk 🟢
Bank Alert: Your account will be locked due to pending verification.,0,0,0,0,0,0,0,0,1,0,Low Risk 🟢
Earn $100 per day from home with this financial program. Apply now!,0,0,0,1,0,0,0,0,1,15,Low Risk 🟢
"Bhai, I sent you 1500 taka via bKash. Check and confirm",0,0,0,0,0,0,0,0,0,0,Low Risk 🟢
Congratulations! You have been selected for a $5000 government loan with 0% interest. Apply now!,0,0,0,1,0,0,0,0,1,15,Low Risk 🟢
Can you return the 1000 BDT I lent you last week? Need it urgently,0,0,0,0,0,0,0,0,1,0,Low Risk 🟢
Get 200% return by investing just $100 in our crypto program. Limited seats!,0,0,0,0,0,0,0,0,1,0,Low Risk 🟢
"Salary credited: 35,000 BDT has been deposited to your account",0,0,0,0,0,0,0,0,0,0,Low Risk 🟢
Claim your free cashback of $250 today by entering your card details,0,0,0,0,0,0,0,0,1,0,Low Risk 🟢
"Your Tax Refund of 20,000 BDT is pending. Submit your details to receive it instantly",0,0,0,0,0,1,0,0,1,30,Medium Risk 🟡
"Nagad e 500 taka pathaisi, mama. Dekho paiso naki",0,0,0,0,0,0,0,0,0,0,Low Risk 🟢
Last chance! Clear your loan dues now to avoid legal action,0,0,0,1,0,0,0,0,1,15,Low Risk 🟢
"Please approve the 12,500 BDT payment request I sent on Payoneer.",0,0,0,0,0,0,0,0,0,0,Low Risk 🟢
Win a brand new iPhone 15 by paying just $5 registration fee!,0,0,0,0,0,0,0,0,1,0,Low Risk 🟢
Your credit card has been temporarily blocked. Reactivate by verifying your PIN.,1,0,0,0,0,0,0,0,1,30,Medium Risk 🟡
Client sent the 40% advance today. Check the bank statement,0,0,0,0,0,0,0,0,0,0,Low Risk 🟢
Earn $300 per day without investment. Just forward messages!,0,0,0,0,0,0,0,0,1,0,Low Risk 🟢
Can you share the bank details for transferring the rent money?,0,0,0,0,0,0,0,0,0,0,Low Risk 🟢
"Your bank flagged a transaction of $1,250. Verify at securebank-verify.com within 24 hours to avoid suspension",0,0,0,1,0,0,0,0,1,15,Low Risk 🟢
"Sent 2,500 BDT via bKash just now. Please confirm when you get it",0,0,0,1,0,0,0,0,0,15,Low Risk 🟢
"Congratulations, you have been pre-approved for an instant $5,000 loan. Apply here to receive funds within 24 hours",0,0,1,1,0,0,0,0,1,30,Medium Risk 🟡
"Invoice INV-3321 for 18,750 BDT has been paid and receipt uploaded to your email",0,0,0,0,0,0,0,0,0,0,Low Risk 🟢
Alert: Unusual login detected on your PayPal. Confirm identity to prevent account hold,0,0,0,0,0,0,0,0,1,0,Low Risk 🟢
"I transferred the rent 12,000 BDT to your account. Check and tell me if it cleared",0,0,0,0,0,0,0,0,0,0,Low Risk 🟢
Limited offer: Get 15% cashback on utility bill payments. Submit card details to claim reward,0,0,0,0,0,0,0,0,1,0,Low Risk 🟢
"Company salary transfer of 45,000 BDT processed today. Payslip sent to your inbox",0,0,0,0,0,0,0,0,0,0,Low Risk 🟢
Immediate action required: Confirm your bank OTP to stop a pending fraudulent transfer,1,0,0,0,0,0,0,0,1,30,Medium Risk 🟡
"I have paid the supplier 30,000 BDT via bank transfer; please confirm delivery schedule",0,0,0,0,0,0,0,0,0,0,Low Risk 🟢
"You are shortlisted for a high-return investment program. Invest $200 to get $2,000 monthly returns. Limited seats",0,0,0,0,0,0,0,0,1,0,Low Risk 🟢
"Shared the invoice for last month. Please approve payment of 22,500 BDT by Friday",0,0,0,0,0,0,0,0,0,0,Low Risk 🟢
Final notice: Overdue loan amount of $850 must be cleared or legal action will follow. Click to resolve,0,0,0,0,0,0,0,0,1,0,Low Risk 🟢
Reward claim: Your tax refund of $420 is pending. Submit bank details to process immediately,0,0,0,1,0,1,0,0,1,45,High Risk 🟠
"Payment confirmation: Received 4,200 BDT for the event booking. Thanks for the prompt payment",0,0,0,0,0,0,0,0,0,0,Low Risk 🟢
Urgent verification requested: Reactivate your debit card by confirming 4-digit PIN at banklink.verify,1,0,0,1,0,0,0,0,1,45,High Risk 🟠
"I sent the freelance payment of $150 via Payoneer. Check and confirm receipt, please",0,0,0,0,0,0,0,0,0,0,Low Risk 🟢
"Exclusive: Instant credit limit increase to $3,000 available. Click link to accept the offer now",0,0,0,1,0,0,0,1,1,30,Medium Risk 🟡
"Reminder: Utility bill of 1,250 BDT due tomorrow. Please pay to avoid late fee",0,0,0,0,0,0,0,0,0,0,Low Risk 🟢
Claim your cashback reward of $300 now. Complete the form to receive instant transfer,0,0,0,1,0,0,0,0,1,15,Low Risk 🟢
"Transferred 5,000 BDT for the project materials. Inform me when it arrives",0,0,0,0,0,0,0,0,0,0,Low Risk 🟢
Your credit score has been upgraded. Unlock premium loan access with zero documentation,0,0,0,0,0,0,0,0,1,0,Low Risk 🟢
Sent the advance payment of $200 via Wise. Check your email for confirmation,0,0,0,0,0,0,0,0,0,0,Low Risk 🟢
"Lottery draw result: Your mobile number has won 75,000 BDT. Submit bank info to collect winning",0,0,0,0,0,0,0,0,1,0,Low Risk 🟢
I refunded the extra 850 BDT you sent earlier. Please recheck your balance,0,0,0,0,0,0,0,0,0,0,Low Risk 🟢
PayPal alert: Unverified login attempt blocked. Recover account before suspension,0,0,0,0,0,0,0,0,1,0,Low Risk 🟢
"Final payment of 12,600 BDT processed successfully. Kindly send delivery schedule",0,0,0,0,0,0,0,0,0,0,Low Risk 🟢
Government relief fund available for selected citizens. Register to receive $500 instantly,0,0,0,0,0,0,0,0,1,0,Low Risk 🟢
"Rent of 9,000 BDT paid via Nagad. Let me know if it shows pending",0,0,0,0,0,0,0,0,0,0,Low Risk 🟢
Your insurance refund request is approved. Submit billing address to release payment,0,0,0,0,0,0,0,0,1,0,Low Risk 🟢
"Paid the tuition installment of 15,000 BDT today. Please confirm on your side",0,0,0,0,0,0,0,0,0,0,Low Risk 🟢
"Crypto investment deal: Deposit $100 and earn $1,000 monthly return guaranteed",0,0,1,0,0,0,0,0,1,15,Low Risk 🟢
"Can you send 2,300 BDT by evening? Need to settle an urgent bill",0,0,0,1,0,0,0,0,0,15,Low Risk 🟢
"Security alert: Suspicious transaction of 4,500 BDT detected on your card. Approve or decline immediately",0,0,0,1,0,0,0,0,1,15,Low Risk 🟢
Salary allowance of $120 added separately. Check your payroll slip,0,0,0,0,0,0,0,0,0,0,Low Risk 🟢
Your subscription payment failed. Update card details to avoid service halt,0,0,0,0,0,0,0,0,1,0,Low Risk 🟢
Settled the vendor payment through bank draft just now. Awaiting your acknowledgment,0,0,0,1,0,0,0,0,0,15,Low Risk 🟢
Limited stock: Get gold savings account with 5x bonus interest. Activate through special code,0,0,0,0,0,0,0,0,1,0,Low Risk 🟢
"Received 1,100 BDT on Rocket just now. Sending receipt shortly",0,0,0,1,0,0,0,0,0,15,Low Risk 🟢
Immediate action required to prevent permanent block on your debit card. Confirm identity at verify-mybank.net,0,0,0,0,0,0,0,0,1,0,Low Risk 🟢
"Just sent 3,200 BDT to your account for the utility bills. Please check and confirm",0,0,0,0,0,0,0,0,0,0,Low Risk 🟢
"Exclusive loan offer of $10,000 with no credit check. Apply before midnight",0,0,0,0,0,0,0,0,1,0,Low Risk 🟢
"Client transferred 65,000 BDT this morning. Update the balance sheet",0,0,0,0,0,0,0,0,0,0,Low Risk 🟢
Final reminder: Your pending tax fee of $260 must be cleared to avoid penalty,0,0,0,0,0,0,0,0,1,0,Low Risk 🟢
"Your online order payment of 2,750 BDT is successfully received. Thank you",0,0,0,0,0,0,0,0,0,0,Low Risk 🟢
"Congratulations, your wallet has been credited with $700 bonus. Activate reward using secure link",0,0,0,0,0,0,0,1,1,15,Low Risk 🟢
"I will return your 1,500 BDT tomorrow once my salary arrives",0,0,0,0,0,0,0,0,0,0,Low Risk 🟢
Suspicious payment attempt detected on your MasterCard. Validate transaction immediately,0,0,0,1,0,0,0,0,1,15,Low Risk 🟢
"Sent the advance booking amount of 5,500 BDT. Please reserve the slot",0,0,0,0,0,0,0,0,0,0,Low Risk 🟢
Your reward of $950 is waiting for withdrawal. Submit bank details to receive instantly,0,0,0,0,0,0,0,0,1,0,Low Risk 🟢
"I transferred 4,800 BDT for the exam fees. Please verify if it reached your account",0,0,0,0,0,0,0,0,0,0,Low Risk 🟢
Urgent notification: Loan recovery team assigned to your case. Clear dues to avoid legal visit,0,0,0,1,0,0,0,0,1,15,Low Risk 🟢
"The vendor confirmed receipt of 22,000 BDT. Delivery will be dispatched tomorrow",0,0,0,0,0,0,0,0,0,0,Low Risk 🟢
"Increase your credit limit to $5,000 instantly without documentation. Click to activate",0,0,0,0,0,0,0,0,1,0,Low Risk 🟢
"Mom sent 1,200 BDT through Rocket. Check if it reflects in your balance",0,0,0,0,0,0,0,0,0,0,Low Risk 🟢
Your insurance refund of $350 is ready. Complete verification before it expires,0,0,0,0,1,0,0,0,1,20,Medium Risk 🟡
I paid the hotel booking charge via Visa. Check the confirmation email,0,0,0,0,0,0,0,0,0,0,Low Risk 🟢
Security alert: Multiple failed login attempts on your wallet. Restore access now,0,0,0,1,0,0,0,0,1,15,Low Risk 🟢
"The rent of 8,500 BDT has been transferred. Please send acknowledgment",0,0,0,0,0,0,0,0,0,0,Low Risk 🟢
Final warning: Your credit card account will be frozen within 24 hours. Verify now at securebankportal.com,0,0,0,1,1,0,0,0,1,35,Medium Risk 🟡
"I sent 3,700 BDT for groceries via bKash. Let me know once it reaches",0,0,0,0,0,0,0,0,0,0,Low Risk 🟢
"Congratulations! You are selected for a $2,000 investment bonus. Submit details to claim",0,0,0,0,0,0,0,0,1,0,Low Risk 🟢
"Paid the electricity bill of 1,250 BDT today. Please check if it cleared",0,0,0,0,0,0,0,0,0,0,Low Risk 🟢
Your PayPal account is under review due to suspicious activity. Confirm identity immediately,0,0,0,1,0,0,0,0,1,15,Low Risk 🟢
"I transferred 5,500 BDT for the office stationery. Confirm receipt",0,0,0,0,0,0,0,0,0,0,Low Risk 🟢
Exclusive: Unlock a high-yield savings account with 5% bonus interest. Apply now,0,0,0,1,0,0,0,0,1,15,Low Risk 🟢
"Sent advance payment of 15,000 BDT for the event hall booking. Await confirmation",0,0,0,0,0,0,0,0,0,0,Low Risk 🟢
Alert: Unauthorized loan application detected in your name. Verify or report now,0,0,0,1,0,0,0,0,1,15,Low Risk 🟢
"I repaid the 2,300 BDT loan you gave last week. Please confirm",0,0,0,0,0,0,0,0,0,0,Low Risk 🟢
Urgent: Your bank account has been flagged for multiple failed login attempts. Verify now to avoid freeze,0,0,0,1,1,0,0,0,1,35,Medium Risk 🟡
"I transferred 2,800 BDT for the monthly internet bill. Check and confirm receipt",0,0,0,0,0,0,0,0,0,0,Low Risk 🟢
"Limited offer: Apply for an instant $1,500 payday loan without credit check",0,0,0,0,0,0,0,0,1,0,Low Risk 🟢
"Client has deposited 50,000 BDT today. Update your records accordingly",0,0,0,0,0,0,0,0,0,0,Low Risk 🟢
"Your lottery reward of $1,200 is pending. Submit bank details to claim before deadline",0,0,0,0,0,0,0,0,1,0,Low Risk 🟢
"Paid the school fees of 12,500 BDT today. Please acknowledge",0,0,0,0,0,0,0,0,0,0,Low Risk 🟢
Security alert: Your debit card shows suspicious activity. Confirm transaction immediately,0,0,0,1,0,0,0,0,1,15,Low Risk 🟢
"I sent 1,800 BDT to settle the grocery expenses. Let me know if it’s received",0,0,0,0,0,0,0,0,0,0,Low Risk 🟢
"Exclusive crypto investment opportunity: Deposit $200 to earn $1,500 monthly. Limited seats",0,0,0,0,0,0,0,0,1,0,Low Risk 🟢
"Salary of 45,000 BDT has been credited. Check your payroll slip",0,0,0,0,0,0,0,0,0,0,Low Risk 🟢
আপনার একাউন্টে সন্দেহজনক লেনদেন হয়েছে। দ্রুত যাচাই করুন।,0,0,0,0,0,0,0,0,1,0,Low Risk 🟢
আপনার মোবাইল রিচার্জ সফল হয়েছে। ধন্যবাদ।,0,0,0,0,0,0,0,0,0,0,Low Risk 🟢
"জরুরি! আপনার অ্যাকাউন্ট ব্লক হতে চলেছে, লগইন করুন",0,0,0,0,0,0,0,0,1,0,Low Risk 🟢
আপনার লটারি জিতেছেন! এখনই তথ্য পাঠান।,0,0,0,0,0,0,0,0,1,0,Low Risk 🟢
আপনার ব্যাংক অ্যাকাউন্টে সন্দেহজনক লেনদেন হয়েছে। বিশদ তথ্যের জন্য কল করুন।,0,0,0,0,0,0,0,0,1,0,Low Risk 🟢
আপনার অ্যাকাউন্টের ব্যালেন্স ৭০০০ টাকা।,0,0,0,0,0,0,0,0,0,0,Low Risk 🟢
আপনি এখনই লটারি জিতেছেন। বিস্তারিত জানার জন্য কল করুন।,0,0,0,0,0,0,0,0,1,0,Low Risk 🟢
"অজানা নম্বর থেকে কল এড়ান, এটি প্রতারণামূলক।",0,0,0,0,0,0,0,0,0,0,Low Risk 🟢
অনলাইন ট্রেডিং প্লাটফর্মে যোগ দিয়ে বিনিয়োগ করুন।,0,0,0,0,0,0,0,0,1,0,Low Risk 🟢
আপনার অ্যাকাউন্ট থেকে অবৈধ লেনদেন হয়েছে। অচিরেই অভিযোগ জানান।,0,0,0,0,0,0,0,0,1,0,Low Risk 🟢
আপনার ব্যাংক অ্যাকাউন্টের বিস্তারিত তথ্য আপডেট করুন।,0,0,0,0,0,0,0,0,1,0,Low Risk 🟢
আপনার মোবাইল নম্বর রিচার্জ সফল হয়েছে। ধন্যবাদ।,0,0,0,0,0,0,0,0,0,0,Low Risk 🟢
অনলাইন লেনদেনে আগ্রহী? দ্রুত যোগাযোগ করুন।,0,0,0,0,0,0,0,0,1,0,Low Risk 🟢
আপনার লোন এর আবেদন অগ্রগামী। দ্রুত OTP দিন।,1,0,0,0,0,0,0,0,1,30,Medium Risk 🟡
আপনার অ্যাকাউন্টে কিছু সন্দেহজনক কার্যকলাপ লক্ষ্য করা গেছে। সাহায্য করার জন্য কল করুন।,0,0,0,0,0,0,0,0,1,0,Low Risk 🟢
"চলুন, আজই আপনার ব্যালেন্স বাড়ান। বিনিয়োগের জন্য দ্রুত যোগাযোগ করুন।",0,0,0,0,0,0,0,0,1,0,Low Risk 🟢
"আপনার ওটিপি কোড ১২৩৪৫৬, দয়া করে কারো সাথে শেয়ার করবেন না।",0,0,0,0,0,0,0,0,0,0,Low Risk 🟢
Congratulations! You have won a prize. Send OTP to claim your reward.,1,1,0,0,0,0,0,0,1,55,High Risk 🟠
"Urgent! Your account will be suspended, verify now by sending OTP.",1,0,0,1,1,0,0,0,1,65,High Risk 🟠
Your loan approved! Send your personal details to receive funds.,0,0,0,0,0,0,0,0,1,0,Low Risk 🟢
Monthly subscription payment received. Thank you for your service usage.,0,0,0,0,0,0,0,0,0,0,Low Risk 🟢
"Warning! Suspicious login detected, confirm your identity with OTP.",1,0,0,0,0,0,0,0,1,30,Medium Risk 🟡
"নতুন মোবাইল প্ল্যান অফার, বিস্তারিত জানতে কল করুন।",0,0,0,0,0,0,0,0,0,0,Low Risk 🟢
Account locked! Provide OTP now to unlock your account.,1,0,0,1,0,0,0,0,1,45,High Risk 🟠
"আপনার পেমেন্ট সফল হয়েছে, মোট ব্যালেন্স BDT ১২,০০০।",0,0,0,0,0,0,0,0,0,0,Low Risk 🟢
"আপনার কার্ড থেকে অননুমোদিত লেনদেন করা হয়েছে, কল করুন অবিলম্বে।",0,0,0,0,0,0,0,0,1,0,Low Risk 🟢
Urgent! Update your bank details to continue service.,0,0,0,1,0,0,0,0,1,15,Low Risk 🟢
Your account balance is BDT 7000. Thank you for banking with us.,0,0,0,0,0,0,0,0,0,0,Low Risk 🟢
"জরুরি: আপনার একাউন্টে অস্থায়ী সমস্যা হয়েছে, এখনি লগইন করে যাচাই করুন।",0,0,0,0,0,0,0,0,1,0,Low Risk 🟢
Congratulations! You are selected for a free gift. Send OTP to claim.,1,1,0,0,0,0,0,0,1,55,High Risk 🟠
"আপনার মোবাইল রিচার্জ সফল হয়েছে, ধন্যবাদ।",0,0,0,0,0,0,0,0,0,0,Low Risk 🟢
Urgent action required! Verify your account with OTP within 10 minutes.,1,0,0,1,0,0,0,0,1,45,High Risk 🟠
Your debit card is blocked for suspicious activity. Call now to unblock.,0,0,0,1,0,0,0,0,1,15,Low Risk 🟢
New mobile plan launched. Contact customer care for details.,0,0,0,0,0,0,0,0,0,0,Low Risk 🟢
OTP verification failed. Please try again.,1,0,0,0,0,0,0,0,0,30,Medium Risk 🟡
"আপনার লোড ব্যালেন্স ক্ষীণ হচ্ছে, দ্রুত রিফিল করুন।",0,0,0,0,0,0,0,0,0,0,Low Risk 🟢
Warning! Unauthorized access attempt detected. Verify with OTP now.,1,0,0,1,0,0,0,0,1,45,High Risk 🟠
আপনার অ্যাকাউন্ট থেকে টাকা কেটে নেওয়া হয়েছে। সতর্ক থাকুন।,0,0,0,0,0,0,0,0,1,0,Low Risk 🟢
Your subscription has been renewed successfully.	,0,0,0,0,0,0,0,0,0,0,Low Risk 🟢
আপনার মোবাইল ফোনের বিল পরিশোধ সফল হয়েছে। ধন্যবাদ।,0,0,0,0,0,0,0,0,0,0,Low Risk 🟢
Earn BDT 3000 daily working from home. Register now.,0,0,0,1,0,0,0,0,1,15,Low Risk 🟢
আজকের বিশেষ অফার! আপনার ডিসকাউন্ট এনজয় করতে কল করুন আজই।,0,0,0,0,0,0,0,0,1,0,Low Risk 🟢
Your debit card has been temporarily blocked due to suspicious activity.,0,0,0,0,0,0,0,0,1,0,Low Risk 🟢
"আপনার মেইল বক্স পূর্ণ, নতুন মেইল দেখতে লগইন করুন।",0,0,0,0,0,0,0,0,0,0,Low Risk 🟢
Your subscription has been renewed successfully. Thank you.,0,0,0,0,0,0,0,0,0,0,Low Risk 🟢
Update your bank details now to avoid service disruption.,0,0,0,1,0,0,0,0,1,15,Low Risk 🟢
"Dear user, update your payment info to avoid account suspension. Click the link now.",0,0,0,1,0,0,0,1,1,30,Medium Risk 🟡
Your package delivery is scheduled for tomorrow. Track here: tracking-link.com,0,0,0,0,0,0,0,1,0,15,Low Risk 🟢
Urgent: Verify your email by clicking the verification link within 24 hours.,0,0,0,1,0,0,0,1,1,30,Medium Risk 🟡
Congratulations! You are selected for a free iPhone. Claim by replying with your address.,0,0,0,0,0,0,0,0,1,0,Low Risk 🟢
"Team meeting is rescheduled to 3 PM, please confirm your availability.",0,0,0,0,0,0,0,0,0,0,Low Risk 🟢
Win big with our new lottery. Reply WIN to participate.,0,0,0,0,0,0,0,0,1,0,Low Risk 🟢
A new login to your account was detected from an unknown device. Secure your login now.,0,0,0,1,0,0,0,0,0,15,Low Risk 🟢
Thank you for your recent purchase. Your order #12345 will arrive soon.,0,0,0,0,0,0,0,0,0,0,Low Risk 🟢
Update your password immediately to safeguard your account.,1,0,0,1,0,0,0,0,1,45,High Risk 🟠
Limited time offer: Upgrade your plan now and save 30%.,0,0,0,1,0,0,0,0,1,15,Low Risk 🟢
Your bank statement is ready. Download your PDF here.,0,0,0,0,0,0,0,0,0,0,Low Risk 🟢
New message from support team. Check your inbox for details.,0,0,0,0,0,0,0,0,0,0,Low Risk 🟢
"আপনার OTP কোড 947123, কারো সাথে শেয়ার করবেন না।	",1,0,0,0,0,0,0,0,0,30,Medium Risk 🟡
আপনার ফেসবুক একাউন্টে নতুন মেসেজ এসেছে। এখনই চেক করুন।,0,0,0,0,0,0,0,0,0,0,Low Risk 🟢
"Payment of BDT 2,500 received successfully. Thank you for your payment.",0,0,0,0,0,0,0,0,0,0,Low Risk 🟢
Friend request from Raisa Moni.,0,0,0,0,0,0,0,0,0,0,Low Risk 🟢
আপনার ব্যাংক স্টেটমেন্ট ডাউনলোড করতে এখানে ক্লিক করুন।,0,0,0,0,0,0,0,0,1,0,Low Risk 🟢
Earn BDT 3000 daily from home. Register now!,0,0,0,1,0,0,0,0,1,15,Low Risk 🟢
	Your insurance claim has been approved. Contact us for details.,0,0,0,0,0,0,0,0,0,0,Low Risk 🟢
"আপনার অ্যাকাউন্ট থেকে অবৈধ লেনদেন হয়েছে, দ্রুত কল করুন।",0,0,0,0,0,0,0,0,1,0,Low Risk 🟢
Your software update is ready to install. Proceed now.,0,0,0,1,0,0,0,0,0,15,Low Risk 🟢
Verify your email address by clicking this link.,0,0,0,0,0,0,0,1,1,15,Low Risk 🟢
আপনার মোবাইল সেটিংস আপডেট করেছেন?,0,0,0,0,0,0,0,0,0,0,Low Risk 🟢
Your subscription will expire tomorrow. Renew to continue service.,0,0,0,0,0,0,0,0,0,0,Low Risk 🟢
আপনার ফেসবুক এ নতুন মন্তব্য এসেছে। এখনই দেখুন।,0,0,0,0,0,0,0,0,0,0,Low Risk 🟢
Friend request from Rafi Ahmed. Accept to connect.,0,0,0,0,0,0,0,0,0,0,Low Risk 🟢
আপনার মোবাইল সেটিংস সফলভাবে আপডেট হয়েছে।	,0,0,0,0,0,0,0,0,0,0,Low Risk 🟢
